chunk_id,job_category,experience_level,project_description,rate_median,rate_mean,rate_min,rate_max,sample_count
0,App Development,Beginner,We are looking for a beginner app developer to create a simple fitness tracking app for iOS with a user-friendly interface and basic data analytics.,39.365,42.69725,6.07,96.72,80
1,App Development,Beginner,"I need a mobile app built for a small business that allows customers to order food and track their delivery, with a focus on a smooth user experience.",39.365,42.69725,6.07,96.72,80
2,App Development,Beginner,"Create a beginner-friendly meditation app for Android with guided sessions and a mood-tracking feature, using a predefined design template.",39.365,42.69725,6.07,96.72,80
3,App Development,Beginner,"Develop a small-scale social media app for a university project, allowing users to share posts and connect with friends, with a basic chat functionality.",39.365,42.69725,6.07,96.72,80
4,App Development,Beginner,"Design and develop a simple mobile game for kids, with colorful graphics and basic levels, using a popular game development engine.",39.365,42.69725,6.07,96.72,80
5,App Development,Beginner,"Build a basic event management app for a local conference, allowing attendees to view schedules, maps, and speaker profiles, with a simple notification system.",39.365,42.69725,6.07,96.72,80
6,App Development,Beginner,"Create a mobile app for a personal finance tracker, allowing users to log expenses and set budget goals, with a basic data visualization component.",39.365,42.69725,6.07,96.72,80
7,App Development,Beginner,"Develop a small e-learning app for a language course, with interactive lessons and quizzes, using a pre-existing content library.",39.365,42.69725,6.07,96.72,80
8,App Development,Beginner,"Design and develop a simple music streaming app for a small record label, allowing users to browse and play music, with a basic search functionality.",39.365,42.69725,6.07,96.72,80
9,App Development,Beginner,"Build a basic task management app for a team, allowing users to create and assign tasks, set deadlines, and track progress, with a simple reporting feature.",39.365,42.69725,6.07,96.72,80
10,App Development,Expert,"We are seeking an expert app developer to design and implement a cross-platform mobile app for a fitness tracking service, with a focus on seamless integration with wearable devices and social media platforms.",48.42,53.2301282051282,5.91,98.92,78
11,App Development,Expert,"Develop a scalable and secure backend API for a social media app using Node.js and MongoDB, with a requirement for high performance and minimal latency.",48.42,53.2301282051282,5.91,98.92,78
12,App Development,Expert,"Create a comprehensive e-learning app for children, featuring interactive lessons, quizzes, and games, with a requirement for both iOS and Android compatibility.",48.42,53.2301282051282,5.91,98.92,78
13,App Development,Expert,"Design and develop a custom augmented reality experience for a retail client, utilizing ARKit and ARCore for immersive product demonstrations and virtual try-on capabilities.",48.42,53.2301282051282,5.91,98.92,78
14,App Development,Expert,"Build a high-performance, data-driven app for tracking personal finance and expenses, with a requirement for integration with popular banking APIs and machine learning-based budgeting insights.",48.42,53.2301282051282,5.91,98.92,78
15,App Development,Expert,"Develop a suite of productivity apps for a enterprise client, including a task manager, calendar, and note-taking tool, with a focus on integration with existing company software and security protocols.",48.42,53.2301282051282,5.91,98.92,78
16,App Development,Expert,"Create a real-time messaging app with end-to-end encryption, featuring group chat, file sharing, and video conferencing capabilities, with a requirement for both web and mobile platforms.",48.42,53.2301282051282,5.91,98.92,78
17,App Development,Expert,"Design and develop a custom mobile app for a healthcare provider, featuring appointment scheduling, medical record access, and telemedicine capabilities, with a focus on HIPAA compliance and data security.",48.42,53.2301282051282,5.91,98.92,78
18,App Development,Expert,"Build a location-based services app for a logistics company, featuring real-time tracking, route optimization, and delivery management, with a requirement for integration with existing fleet management software.",48.42,53.2301282051282,5.91,98.92,78
19,App Development,Expert,"Develop a mobile gaming app with a focus on multiplayer capabilities, social features, and in-app purchases, utilizing Unity and C# for cross-platform development and deployment.",48.42,53.2301282051282,5.91,98.92,78
20,App Development,Intermediate,"Develop a mobile app for tracking personal fitness goals, including integration with wearable devices and social media sharing, with a focus on a user-friendly interface and robust data analytics.",56.385,54.944222222222216,6.21,99.04,90
21,App Development,Intermediate,"Create a tablet-based point-of-sale system for a retail business, featuring inventory management, employee login, and customer loyalty program integration, with a requirement for high-performance and reliability.",56.385,54.944222222222216,6.21,99.04,90
22,App Development,Intermediate,"Design and build a cross-platform mobile application for streaming live events, including video playback, chat functionality, and push notifications, with an emphasis on low-latency and scalability.",56.385,54.944222222222216,6.21,99.04,90
23,App Development,Intermediate,"Build an iOS and Android app for a food delivery service, allowing users to browse menus, place orders, and track delivery status, with integration with Google Maps and payment gateways.",56.385,54.944222222222216,6.21,99.04,90
24,App Development,Intermediate,"Develop a hybrid mobile app for managing field service operations, including scheduling, dispatch, and reporting, with a focus on offline capability and seamless syncing with a cloud-based backend.",56.385,54.944222222222216,6.21,99.04,90
25,App Development,Intermediate,"Create a native Android app for a popular online learning platform, featuring video courses, quizzes, and discussion forums, with a requirement for high-quality video playback and robust security.",56.385,54.944222222222216,6.21,99.04,90
26,App Development,Intermediate,"Design and develop a mobile app for tracking personal expenses, including budgeting, categorization, and receipt scanning, with integration with popular accounting software and bank feeds.",56.385,54.944222222222216,6.21,99.04,90
27,App Development,Intermediate,"Build a mobile gaming app with real-time multiplayer capability, featuring leaderboards, chat functionality, and in-app purchases, with an emphasis on fast and responsive gameplay.",56.385,54.944222222222216,6.21,99.04,90
28,App Development,Intermediate,"Develop a mobile app for a healthcare provider, allowing patients to schedule appointments, access medical records, and communicate with doctors, with a focus on HIPAA compliance and high-security standards.",56.385,54.944222222222216,6.21,99.04,90
29,App Development,Intermediate,"Create a mobile app for a travel company, featuring destination guides, booking functionality, and real-time flight tracking, with integration with social media and loyalty programs.",56.385,54.944222222222216,6.21,99.04,90
30,Content Writing,Beginner,"We need a beginner content writer to create engaging social media posts for our fashion brand, including Facebook, Instagram, and Twitter, with a total of 20 posts per month.",47.06,51.889,5.56,99.53,70
31,Content Writing,Beginner,"I am looking for a beginner writer to write a series of blog posts on health and wellness, approximately 500 words each, with a minimum of 2 posts per week.",47.06,51.889,5.56,99.53,70
32,Content Writing,Beginner,"Create a set of product descriptions for an e-commerce website selling outdoor gear, totaling 15 products, with each description being around 100-150 words.",47.06,51.889,5.56,99.53,70
33,Content Writing,Beginner,"Assist in writing and editing a company newsletter, sent out bi-weekly, focusing on industry trends and company updates, approximately 400-500 words per issue.",47.06,51.889,5.56,99.53,70
34,Content Writing,Beginner,"Develop a content calendar and write monthly articles for a lifestyle website, focusing on travel and entertainment, with each article being around 800-1000 words.",47.06,51.889,5.56,99.53,70
35,Content Writing,Beginner,"Write SEO-friendly descriptions for a real estate website, totaling 10 properties, with each description being around 200-250 words, including relevant keywords.",47.06,51.889,5.56,99.53,70
36,Content Writing,Beginner,"Help craft compelling email newsletters for a marketing firm, sent out weekly, with a focus on industry insights and company news, approximately 300-400 words per issue.",47.06,51.889,5.56,99.53,70
37,Content Writing,Beginner,"Create a set of instructional guides for a software company, totaling 5 guides, with each guide being around 1000-1200 words, focusing on user tutorials and troubleshooting.",47.06,51.889,5.56,99.53,70
38,Content Writing,Beginner,"Write and edit a series of press releases for a non-profit organization, totaling 4 releases, with each release being around 300-400 words, focusing on upcoming events and charity work.",47.06,51.889,5.56,99.53,70
39,Content Writing,Beginner,"Assist in developing a content strategy and write articles for a technology blog, focusing on emerging trends and new technologies, with each article being around 600-800 words.",47.06,51.889,5.56,99.53,70
40,Content Writing,Expert,"Create a comprehensive e-book on innovative marketing strategies for a tech startup, requiring in-depth research and interviews with industry experts, with a deliverable of a 50-page document.",62.84,58.44649350649351,6.28,98.52,77
41,Content Writing,Expert,"Develop a long-term content calendar for a wellness brand, including blog posts, social media updates, and newsletter content, that aligns with their brand voice and existing marketing efforts.",62.84,58.44649350649351,6.28,98.52,77
42,Content Writing,Expert,"Write a series of technical whitepapers on artificial intelligence applications in various industries, targeting C-level executives and requiring a high level of technical expertise and clarity.",62.84,58.44649350649351,6.28,98.52,77
43,Content Writing,Expert,"Produce high-quality, engaging product descriptions for an e-commerce platform specializing in outdoor gear, with a focus on SEO optimization and compelling calls-to-action.",62.84,58.44649350649351,6.28,98.52,77
44,Content Writing,Expert,"Design and write a quarterly print magazine for a non-profit organization focused on environmental conservation, including feature articles, interviews, and updates on ongoing projects.",62.84,58.44649350649351,6.28,98.52,77
45,Content Writing,Expert,"Craft a set of persuasive sales pages for a software company launching a new product, emphasizing key features, benefits, and customer testimonials, with the goal of driving conversions and sales.",62.84,58.44649350649351,6.28,98.52,77
46,Content Writing,Expert,"Research and write a detailed industry report on trends and insights in the renewable energy sector, including data analysis, expert opinions, and forecasts for future developments.",62.84,58.44649350649351,6.28,98.52,77
47,Content Writing,Expert,"Create a suite of internal communications materials, including employee newsletters, policy documents, and training manuals, for a large corporation undergoing a significant restructuring.",62.84,58.44649350649351,6.28,98.52,77
48,Content Writing,Expert,"Develop a content strategy and write a collection of thought leadership articles for a management consulting firm, positioning their experts as authorities in their fields and highlighting the firm's capabilities.",62.84,58.44649350649351,6.28,98.52,77
49,Content Writing,Expert,"Write and edit a comprehensive style guide for a global brand, covering tone, voice, and language usage across all marketing channels and internal communications, to ensure consistency and clarity.",62.84,58.44649350649351,6.28,98.52,77
50,Content Writing,Intermediate,"We are looking for an intermediate content writer to create engaging product descriptions for our e-commerce website, focusing on electronics and gadgets, with a total of 50 descriptions needed within the next two weeks.",52.63,53.56142857142857,5.3,99.7,84
51,Content Writing,Intermediate,"Create high-quality, SEO-optimized blog posts on topics related to health and wellness, aiming for 6 posts per month, each approximately 800-1000 words, with a tone that is both informative and entertaining.",52.63,53.56142857142857,5.3,99.7,84
52,Content Writing,Intermediate,"Develop a comprehensive content strategy and write social media posts for a startup, aiming to increase brand awareness and engagement across platforms like Facebook, Twitter, and Instagram, with a focus on tech and innovation.",52.63,53.56142857142857,5.3,99.7,84
53,Content Writing,Intermediate,"Write and edit copy for a series of newsletters targeting professionals in the finance sector, ensuring the content is informative, concise, and engaging, with a minimum of 4 newsletters to be produced within the next 6 weeks.",52.63,53.56142857142857,5.3,99.7,84
54,Content Writing,Intermediate,"Research and write in-depth guides on various aspects of digital marketing, such as SEO, PPC, and email marketing, each guide expected to be around 2000-2500 words, with the goal of establishing the client as a thought leader in the field.",52.63,53.56142857142857,5.3,99.7,84
55,Content Writing,Intermediate,"Produce compelling and concise whitepapers on emerging trends in the field of cybersecurity, averaging 10-12 pages per document, and requiring a deep understanding of the subject matter to ensure accuracy and relevance.",52.63,53.56142857142857,5.3,99.7,84
56,Content Writing,Intermediate,"Assist in crafting press releases for a non-profit organization, focusing on issues related to environmental conservation, with the goal of increasing media coverage and public awareness, expecting to work on at least 8 press releases over the next quarter.",52.63,53.56142857142857,5.3,99.7,84
57,Content Writing,Intermediate,"Develop and implement a content marketing plan for a small business, including writing articles, creating social media content, and managing the company blog, with the objective of boosting website traffic by at least 20% within the first 3 months.",52.63,53.56142857142857,5.3,99.7,84
58,Content Writing,Intermediate,"Write user manuals and instructional guides for software applications, ensuring the language is clear, concise, and accessible to a broad audience, with an average length of 20-30 pages per document, and requiring a strong understanding of technical writing principles.",52.63,53.56142857142857,5.3,99.7,84
59,Content Writing,Intermediate,"Create engaging educational content for an online course platform, focusing on topics such as business management, leadership, and entrepreneurship, with each course module requiring approximately 3-4 hours of content, including text, quizzes, and assignments.",52.63,53.56142857142857,5.3,99.7,84
60,Customer Support,Beginner,"We are seeking a customer support representative to handle incoming phone calls and respond to customer inquiries via email, providing basic troubleshooting and product information to resolve issues on the first contact.",61.6,57.20878048780488,5.94,99.83,82
61,Customer Support,Beginner,"A beginner-friendly project involves creating a comprehensive FAQ section for our website, covering common questions and concerns from customers to reduce support queries and improve user experience.",61.6,57.20878048780488,5.94,99.83,82
62,Customer Support,Beginner,"Assist our customer support team by drafting and sending standardized response emails to customers, ensuring timely and professional communication that reflects our brand's voice and values.",61.6,57.20878048780488,5.94,99.83,82
63,Customer Support,Beginner,"As a customer support freelancer, you will be responsible for monitoring and responding to customer reviews on social media, addressing both positive and negative feedback to maintain our online reputation.",61.6,57.20878048780488,5.94,99.83,82
64,Customer Support,Beginner,"Help us develop a simple customer onboarding process, including automated email sequences and basic documentation, to ensure new customers have a smooth and engaging experience with our product.",61.6,57.20878048780488,5.94,99.83,82
65,Customer Support,Beginner,"We need support in managing our support ticket system, ensuring all tickets are properly categorized, assigned, and responded to in a timely manner, with the goal of achieving high customer satisfaction rates.",61.6,57.20878048780488,5.94,99.83,82
66,Customer Support,Beginner,"Create engaging and informative support content, such as blog posts and knowledge base articles, that help customers understand how to use our product and troubleshoot common issues.",61.6,57.20878048780488,5.94,99.83,82
67,Customer Support,Beginner,"Provide chat support to our customers, answering questions about products and services, and helping them navigate our website to find what they need in a fast and friendly manner.",61.6,57.20878048780488,5.94,99.83,82
68,Customer Support,Beginner,"This project involves analyzing customer feedback from various channels to identify patterns and areas for improvement, presenting findings in a cohesive report with recommendations for enhancing our customer support strategy.",61.6,57.20878048780488,5.94,99.83,82
69,Customer Support,Beginner,"Help design and implement a basic customer loyalty program, including email campaigns and loyalty rewards, to encourage repeat business and build strong relationships with our customer base.",61.6,57.20878048780488,5.94,99.83,82
70,Customer Support,Expert,"We need an expert customer support specialist to create and implement a comprehensive support strategy for our SaaS product, including email, chat, and phone support.",53.08,53.7767032967033,8.25,99.18,91
71,Customer Support,Expert,"As an expert customer support freelancer, you will be responsible for developing and maintaining a knowledge base for our e-commerce company, ensuring that all customer inquiries are addressed efficiently.",53.08,53.7767032967033,8.25,99.18,91
72,Customer Support,Expert,"Expert customer support professional required to handle customer complaints and concerns via social media, ensuring a high level of customer satisfaction and retention.",53.08,53.7767032967033,8.25,99.18,91
73,Customer Support,Expert,"We are seeking an expert customer support specialist to design and deliver training programs for our customer support team, focusing on improving customer experience and resolving issues effectively.",53.08,53.7767032967033,8.25,99.18,91
74,Customer Support,Expert,"As an expert in customer support, you will be tasked with analyzing customer feedback and developing actionable insights to improve our product and service offerings.",53.08,53.7767032967033,8.25,99.18,91
75,Customer Support,Expert,"Expert customer support freelancer needed to manage and resolve complex customer issues, collaborating with internal teams to provide timely and effective solutions.",53.08,53.7767032967033,8.25,99.18,91
76,Customer Support,Expert,"We require an expert customer support specialist to create and implement a customer loyalty program, aiming to increase customer retention and loyalty through personalized support and rewards.",53.08,53.7767032967033,8.25,99.18,91
77,Customer Support,Expert,"Expert customer support professional needed to develop and maintain a customer support portal, ensuring that all customer inquiries are addressed in a timely and professional manner.",53.08,53.7767032967033,8.25,99.18,91
78,Customer Support,Expert,"As an expert customer support freelancer, you will be responsible for conducting customer satisfaction surveys and analyzing the results to identify areas for improvement in our customer support processes.",53.08,53.7767032967033,8.25,99.18,91
79,Customer Support,Expert,"We need an expert customer support specialist to create a comprehensive customer support guide, outlining our support processes and procedures for our internal teams and customers.",53.08,53.7767032967033,8.25,99.18,91
80,Customer Support,Intermediate,"We are seeking an intermediate customer support freelancer to handle a high volume of incoming customer inquiries via phone, email, and chat, providing timely and effective resolutions to customer complaints and issues.",50.36,51.074366197183096,6.62,95.1,71
81,Customer Support,Intermediate,"Design and implement a comprehensive knowledge base for our e-commerce platform, including troubleshooting guides, product information, and FAQs, to reduce customer support queries and improve overall customer experience.",50.36,51.074366197183096,6.62,95.1,71
82,Customer Support,Intermediate,"Provide multilingual customer support services for our international clients, responding to customer inquiries and resolving issues in a timely and professional manner, with fluency in at least two languages required.",50.36,51.074366197183096,6.62,95.1,71
83,Customer Support,Intermediate,"Create a detailed customer support workflow and training manual for our internal support team, outlining procedures for handling customer complaints, processing returns and refunds, and escalating complex issues to senior support staff.",50.36,51.074366197183096,6.62,95.1,71
84,Customer Support,Intermediate,"Develop and maintain a customer support chatbot for our website, utilizing natural language processing and machine learning algorithms to provide automated responses to customer inquiries and improve support efficiency.",50.36,51.074366197183096,6.62,95.1,71
85,Customer Support,Intermediate,"Conduct comprehensive analysis of customer support metrics, including response times, resolution rates, and customer satisfaction scores, to identify trends and areas for improvement and inform strategic support initiatives.",50.36,51.074366197183096,6.62,95.1,71
86,Customer Support,Intermediate,"Provide customer support services for a new software product launch, including responding to customer inquiries, resolving technical issues, and providing product training and onboarding support to ensure a smooth customer experience.",50.36,51.074366197183096,6.62,95.1,71
87,Customer Support,Intermediate,"Create engaging and informative video tutorials and user guides to help customers understand and effectively use our software products, reducing the need for direct customer support and improving overall customer satisfaction.",50.36,51.074366197183096,6.62,95.1,71
88,Customer Support,Intermediate,"Manage a team of junior customer support agents, providing coaching and guidance on support best practices, and ensuring that all customer inquiries are responded to in a timely and professional manner.",50.36,51.074366197183096,6.62,95.1,71
89,Customer Support,Intermediate,"Develop a comprehensive customer support strategy for a new e-commerce platform, including defining support channels, establishing service level agreements, and implementing a ticketing system to manage and track customer support requests.",50.36,51.074366197183096,6.62,95.1,71
90,Data Entry,Beginner,"We need a freelancer to enter customer information into our CRM system, with an estimated 500 entries to be completed within 3 days.",48.89,50.660114942528736,5.24,99.22,87
91,Data Entry,Beginner,"A beginner data entry specialist is required to update our product catalog with new item descriptions, prices, and images, approximately 200 items in total.",48.89,50.660114942528736,5.24,99.22,87
92,Data Entry,Beginner,"Assist our team by accurately entering survey responses into a spreadsheet, with around 1000 responses to process.",48.89,50.660114942528736,5.24,99.22,87
93,Data Entry,Beginner,"Looking for someone to help with data cleansing and sorting of a list of 10,000 email addresses, ensuring all entries are correctly formatted.",48.89,50.660114942528736,5.24,99.22,87
94,Data Entry,Beginner,"Enter inventory levels into our database, tracking stock quantities across 50 different product lines.",48.89,50.660114942528736,5.24,99.22,87
95,Data Entry,Beginner,"Input customer order details into our order management system, handling around 50 orders per day.",48.89,50.660114942528736,5.24,99.22,87
96,Data Entry,Beginner,"Update our employee database with new hire information, including job titles, department, and contact details, for about 20 new employees.",48.89,50.660114942528736,5.24,99.22,87
97,Data Entry,Beginner,"Accurately transcribe audio recordings into text documents, approximately 10 hours of recordings to transcribe.",48.89,50.660114942528736,5.24,99.22,87
98,Data Entry,Beginner,"Help maintain our customer database by updating existing customer records with new phone numbers and addresses, around 500 records to update.",48.89,50.660114942528736,5.24,99.22,87
99,Data Entry,Beginner,"Enter examination results into our student information system, with around 200 student records to update.",48.89,50.660114942528736,5.24,99.22,87
100,Data Entry,Expert,"We need an expert data entry professional to enter customer information into our Salesforce database, ensuring accuracy and attention to detail for approximately 5000 records.",42.26,45.55536231884058,5.63,98.37,69
101,Data Entry,Expert,"A large-scale data migration project requires an experienced freelancer to transfer data from an old CRM system to a new one, involving around 10,000 records with complex mapping requirements.",42.26,45.55536231884058,5.63,98.37,69
102,Data Entry,Expert,"For our market research project, we require a skilled data entry expert to collect and input data from social media platforms, websites, and online forums into an Excel spreadsheet, with a focus on data quality and consistency.",42.26,45.55536231884058,5.63,98.37,69
103,Data Entry,Expert,"Our e-commerce company needs an expert data entry specialist to upload product information, including descriptions, prices, and images, to our online store, ensuring all products are live and ready for customers within a tight deadline.",42.26,45.55536231884058,5.63,98.37,69
104,Data Entry,Expert,"We are looking for an experienced data entry professional to manage and update our member database, involving data cleansing, formatting, and importing data from various sources into our membership management system.",42.26,45.55536231884058,5.63,98.37,69
105,Data Entry,Expert,"To support our business intelligence efforts, we need an expert data entry freelancer to extract and input financial data from invoices, receipts, and bank statements into a custom-built database for analysis and reporting purposes.",42.26,45.55536231884058,5.63,98.37,69
106,Data Entry,Expert,"A data validation project requires an experienced data entry professional to review and correct errors in a large dataset, ensuring data integrity and consistency for use in predictive modeling and analytics.",42.26,45.55536231884058,5.63,98.37,69
107,Data Entry,Expert,"Our company needs an expert data entry specialist to create and maintain accurate records of customer interactions, including phone calls, emails, and meetings, in our customer relationship management system.",42.26,45.55536231884058,5.63,98.37,69
108,Data Entry,Expert,"For a university research study, we require a skilled data entry expert to collect and input survey data from participants, involving around 2000 responses with complex skip logic and validation rules.",42.26,45.55536231884058,5.63,98.37,69
109,Data Entry,Expert,"We are seeking an experienced data entry professional to assist with data processing for a large-scale marketing campaign, involving data appending, profiling, and segmentation to support targeted marketing efforts.",42.26,45.55536231884058,5.63,98.37,69
110,Data Entry,Intermediate,"We need an intermediate data entry specialist to accurately enter customer information into our CRM system, with an estimated 5000 records to be processed over the next 2 weeks.",50.74,54.05743902439024,7.18,99.03,82
111,Data Entry,Intermediate,"A mid-sized e-commerce company is seeking a freelancer to upload and manage product listings on their online store, requiring attention to detail and basic knowledge of spreadsheet software.",50.74,54.05743902439024,7.18,99.03,82
112,Data Entry,Intermediate,"Assist a marketing firm by cleaning and formatting a large dataset of customer survey responses, delivering the finalized data in CSV format.",50.74,54.05743902439024,7.18,99.03,82
113,Data Entry,Intermediate,"An educational institution requires data entry services to catalog and organize their library's collection of books, journals, and other media, using a custom-built database application.",50.74,54.05743902439024,7.18,99.03,82
114,Data Entry,Intermediate,"Enter and verify financial transaction data into our accounting system, ensuring accuracy and compliance with company policies, for approximately 2000 transactions per month.",50.74,54.05743902439024,7.18,99.03,82
115,Data Entry,Intermediate,"Help a non-profit organization manage their donor database by updating and maintaining accurate records of contributions, contact information, and communication history.",50.74,54.05743902439024,7.18,99.03,82
116,Data Entry,Intermediate,"Process and enter employee time sheets and payroll data into our HR software, ensuring timely and accurate payment processing for over 100 staff members.",50.74,54.05743902439024,7.18,99.03,82
117,Data Entry,Intermediate,"A research organization needs assistance with manually transcribing and coding qualitative interview data, following a provided coding framework and delivering the results in a spreadsheet.",50.74,54.05743902439024,7.18,99.03,82
118,Data Entry,Intermediate,"Support a retail business by updating and maintaining their product inventory database, including tracking stock levels, monitoring inventory movements, and performing periodic audits.",50.74,54.05743902439024,7.18,99.03,82
119,Data Entry,Intermediate,"Enter and manage data for a real estate company's property listings, including property details, images, and agent information, using a web-based platform.",50.74,54.05743902439024,7.18,99.03,82
120,Digital Marketing,Beginner,"We need a freelancer to manage our social media presence by creating engaging content and responding to comments on Facebook, Twitter, and Instagram for a newly launched e-commerce brand.",54.61,52.99436781609196,5.14,98.83,87
121,Digital Marketing,Beginner,"Assist in creating and scheduling email marketing campaigns for a small business using Mailchimp, with the goal of increasing subscription rates and customer engagement.",54.61,52.99436781609196,5.14,98.83,87
122,Digital Marketing,Beginner,"Help develop a basic SEO strategy for a local service-based business, including keyword research and on-page optimization for their existing website.",54.61,52.99436781609196,5.14,98.83,87
123,Digital Marketing,Beginner,"Create a monthly analytics report for a blog using Google Analytics, focusing on traffic sources, page views, and bounce rates to inform future content decisions.",54.61,52.99436781609196,5.14,98.83,87
124,Digital Marketing,Beginner,Design and implement a simple lead magnet campaign to capture email addresses from website visitors for a fitness coaching service.,54.61,52.99436781609196,5.14,98.83,87
125,Digital Marketing,Beginner,"Write and publish a series of introductory blog posts about industry trends for a startup in the tech sector, aiming to establish their thought leadership.",54.61,52.99436781609196,5.14,98.83,87
126,Digital Marketing,Beginner,"Develop a content calendar for a small retail business to ensure consistent posting across their social media platforms, including product features and promotions.",54.61,52.99436781609196,5.14,98.83,87
127,Digital Marketing,Beginner,"Conduct a competitor analysis for a new digital product launch, focusing on market share, customer engagement, and marketing strategies used by similar products.",54.61,52.99436781609196,5.14,98.83,87
128,Digital Marketing,Beginner,"Assist in setting up and running Facebook Ads for a local event, aiming to increase attendance and engagement through targeted advertising.",54.61,52.99436781609196,5.14,98.83,87
129,Digital Marketing,Beginner,"Create a basic influencer outreach plan for a lifestyle brand, identifying potential influencers and crafting outreach emails to collaborate on sponsored content.",54.61,52.99436781609196,5.14,98.83,87
130,Digital Marketing,Expert,"We need an expert digital marketer to develop and implement a comprehensive social media strategy for our new product launch, including content creation, paid advertising, and influencer partnerships.",52.35,52.29075949367089,8.98,99.37,79
131,Digital Marketing,Expert,"Create a data-driven SEO audit and optimization plan for our e-commerce website, including technical SEO recommendations, content optimization, and link building strategies.",52.35,52.29075949367089,8.98,99.37,79
132,Digital Marketing,Expert,"Develop a multi-channel digital marketing campaign to promote our brand's thought leadership in the industry, including email marketing, content marketing, and event marketing.",52.35,52.29075949367089,8.98,99.37,79
133,Digital Marketing,Expert,"Design and execute an A/B testing and conversion rate optimization project for our website's landing pages, including user experience research, testing plan development, and results analysis.",52.35,52.29075949367089,8.98,99.37,79
134,Digital Marketing,Expert,"Plan and implement a large-scale email marketing automation program for our customer engagement platform, including workflow design, content creation, and metrics tracking.",52.35,52.29075949367089,8.98,99.37,79
135,Digital Marketing,Expert,Conduct market research and analyze customer behavior to inform the development of a personalized marketing strategy for our subscription-based service.,52.35,52.29075949367089,8.98,99.37,79
136,Digital Marketing,Expert,"Develop a digital marketing strategy for our mobile app, including app store optimization, paid advertising, and in-app marketing campaigns.",52.35,52.29075949367089,8.98,99.37,79
137,Digital Marketing,Expert,"Create a content marketing plan to support our brand's awareness and lead generation goals, including blog posts, videos, podcasts, and social media content.",52.35,52.29075949367089,8.98,99.37,79
138,Digital Marketing,Expert,Design and implement a marketing analytics dashboard to track key performance indicators and provide data-driven insights for our marketing team.,52.35,52.29075949367089,8.98,99.37,79
139,Digital Marketing,Expert,"Develop a crisis management plan and communications strategy for our brand's social media presence, including risk assessment, messaging framework, and response protocols.",52.35,52.29075949367089,8.98,99.37,79
140,Digital Marketing,Intermediate,"We need an intermediate digital marketer to develop and implement a social media strategy for our new product launch, including creating engaging content and managing paid advertising campaigns across Facebook, Twitter, and Instagram.",60.99,57.74215384615385,5.33,98.8,65
141,Digital Marketing,Intermediate,"Create a comprehensive SEO audit and improvement plan for our e-commerce website, including keyword research, on-page optimization, and link building to increase organic traffic and sales.",60.99,57.74215384615385,5.33,98.8,65
142,Digital Marketing,Intermediate,"Develop a targeted email marketing campaign to re-engage our inactive customer base, including designing and writing email content, setting up automation workflows, and analyzing campaign performance metrics.",60.99,57.74215384615385,5.33,98.8,65
143,Digital Marketing,Intermediate,Conduct market research and analyze our competitors' digital marketing strategies to identify opportunities for improvement and provide recommendations for our own marketing efforts.,60.99,57.74215384615385,5.33,98.8,65
144,Digital Marketing,Intermediate,"Design and execute a influencer marketing campaign to promote our brand and products to a younger demographic, including identifying and partnering with relevant influencers, managing content creation, and tracking campaign ROI.",60.99,57.74215384615385,5.33,98.8,65
145,Digital Marketing,Intermediate,"Build and manage our company's presence on LinkedIn, including creating and publishing engaging content, participating in relevant groups, and leveraging paid advertising options to drive lead generation and brand awareness.",60.99,57.74215384615385,5.33,98.8,65
146,Digital Marketing,Intermediate,"Develop a data-driven content marketing strategy to drive more traffic and conversions to our website, including creating and promoting blog posts, videos, and other types of content that resonate with our target audience.",60.99,57.74215384615385,5.33,98.8,65
147,Digital Marketing,Intermediate,"Plan and execute a Google Ads campaign to drive more conversions and sales for our business, including conducting keyword research, setting up ad groups and campaigns, and optimizing ad performance based on data analysis.",60.99,57.74215384615385,5.33,98.8,65
148,Digital Marketing,Intermediate,"Create a comprehensive digital marketing strategy for our small business, including setting clear goals and objectives, identifying target audiences, and outlining tactics for social media, email, and content marketing.",60.99,57.74215384615385,5.33,98.8,65
149,Digital Marketing,Intermediate,"Analyze our website's conversion rates and user experience, and provide recommendations for improvement, including A/B testing, user feedback analysis, and implementation of changes to increase conversions and overall user satisfaction.",60.99,57.74215384615385,5.33,98.8,65
150,Graphic Design,Beginner,"Create a logo for a new startup company, including a vector file and a style guide, with a minimalist and modern aesthetic.",50.27,51.15370786516854,6.66,97.56,89
151,Graphic Design,Beginner,"Design a social media post template for a small business, including 3 different layouts and a set of custom icons.",50.27,51.15370786516854,6.66,97.56,89
152,Graphic Design,Beginner,"Develop a basic brand identity package for a non-profit organization, including a color palette, typography, and a business card design.",50.27,51.15370786516854,6.66,97.56,89
153,Graphic Design,Beginner,"Illustrate a children's book with 10 full-page illustrations and a cover design, using a whimsical and colorful style.",50.27,51.15370786516854,6.66,97.56,89
154,Graphic Design,Beginner,"Create a set of 5 custom icons for a mobile app, with a focus on simple and recognizable designs.",50.27,51.15370786516854,6.66,97.56,89
155,Graphic Design,Beginner,"Design a flyer for a local event, including a bold headline, eye-catching imagery, and essential event details.",50.27,51.15370786516854,6.66,97.56,89
156,Graphic Design,Beginner,"Produce a set of 10 social media graphics for a fitness influencer, including motivational quotes and high-quality images.",50.27,51.15370786516854,6.66,97.56,89
157,Graphic Design,Beginner,"Develop a simple website design for a personal blog, including a homepage, about page, and contact page.",50.27,51.15370786516854,6.66,97.56,89
158,Graphic Design,Beginner,"Create a menu design for a restaurant, including a cover, interior pages, and a set of custom food illustrations.",50.27,51.15370786516854,6.66,97.56,89
159,Graphic Design,Beginner,"Design a business card and letterhead for a freelancer, with a clean and professional layout and a custom logo.",50.27,51.15370786516854,6.66,97.56,89
160,Graphic Design,Expert,"Create a comprehensive brand style guide for a tech startup, including logos, color schemes, typography, and imagery, to ensure consistent visual identity across all marketing channels.",53.62,52.99318181818182,5.32,98.03,88
161,Graphic Design,Expert,"Design a visually stunning and interactive annual report for a non-profit organization, incorporating infographics, charts, and photographs to effectively communicate their mission and impact.",53.62,52.99318181818182,5.32,98.03,88
162,Graphic Design,Expert,"Develop a set of custom icons and graphics for a mobile app, with a focus on simplicity, scalability, and usability, to enhance the overall user experience.",53.62,52.99318181818182,5.32,98.03,88
163,Graphic Design,Expert,"Conceptualize and design a large-scale exhibition booth for a trade show, featuring eye-catching graphics, digital displays, and interactive elements to engage attendees and showcase products.",53.62,52.99318181818182,5.32,98.03,88
164,Graphic Design,Expert,"Collaborate with a marketing team to create a series of social media graphics and animations for a product launch campaign, leveraging bold typography, bright colors, and dynamic motion to generate buzz and drive sales.",53.62,52.99318181818182,5.32,98.03,88
165,Graphic Design,Expert,"Design and illustrate a children's book for a publishing company, bringing stories to life with vibrant, imaginative, and child-friendly artwork that meets the highest standards of quality and creativity.",53.62,52.99318181818182,5.32,98.03,88
166,Graphic Design,Expert,"Produce a high-end product catalog for a luxury fashion brand, featuring elegant layouts, precise typography, and stunning product photography to showcase their latest collections.",53.62,52.99318181818182,5.32,98.03,88
167,Graphic Design,Expert,"Create a cohesive visual identity for a new restaurant, including menus, signage, packaging, and website design, that reflects their unique cuisine, atmosphere, and target audience.",53.62,52.99318181818182,5.32,98.03,88
168,Graphic Design,Expert,"Develop an immersive and interactive digital magazine for a media company, incorporating engaging layouts, animations, and multimedia content to captivate readers and set a new standard for digital publishing.",53.62,52.99318181818182,5.32,98.03,88
169,Graphic Design,Expert,"Design a set of data-driven dashboards and reports for a business intelligence platform, using clear and concise visualizations, intuitive navigation, and best practices in data visualization to facilitate informed decision-making.",53.62,52.99318181818182,5.32,98.03,88
170,Graphic Design,Intermediate,"We need an intermediate graphic designer to create a set of social media graphics and email newsletters for a new product launch, with the goal of increasing brand awareness among our target audience.",50.825,50.28670454545455,6.34,98.39,88
171,Graphic Design,Intermediate,"Design a modern and responsive website layout for a tech startup, including a homepage, about page, and contact page, using a predetermined color scheme and brand identity.",50.825,50.28670454545455,6.34,98.39,88
172,Graphic Design,Intermediate,"Develop a consistent visual brand for a food truck business, including a logo, business cards, and menu design, that reflects the vibrant and eclectic atmosphere of the truck.",50.825,50.28670454545455,6.34,98.39,88
173,Graphic Design,Intermediate,Create a series of animated explainers and motion graphics for a financial services company to help explain complex concepts in an engaging and easy-to-understand way.,50.825,50.28670454545455,6.34,98.39,88
174,Graphic Design,Intermediate,"Design a print-ready brochure for a travel company showcasing their top destinations and packages, including high-quality images and compelling copy.",50.825,50.28670454545455,6.34,98.39,88
175,Graphic Design,Intermediate,"We're looking for an intermediate graphic designer to design and develop a set of custom icons and graphics for a mobile app, with a focus on simplicity, clarity, and usability.",50.825,50.28670454545455,6.34,98.39,88
176,Graphic Design,Intermediate,"Produce a set of eye-catching advertisements for a fitness center, including print ads, social media ads, and email promotions, that highlight the center's unique features and benefits.",50.825,50.28670454545455,6.34,98.39,88
177,Graphic Design,Intermediate,"Create a comprehensive brand style guide for a non-profit organization, including guidelines for typography, color palette, imagery, and tone of voice.",50.825,50.28670454545455,6.34,98.39,88
178,Graphic Design,Intermediate,"Design a set of interactive and engaging infographics for a educational website, covering topics such as science, history, and culture, that can be easily shared on social media.",50.825,50.28670454545455,6.34,98.39,88
179,Graphic Design,Intermediate,"Develop a visual identity for a podcast, including a logo, cover art, and social media graphics, that reflects the show's tone, style, and themes.",50.825,50.28670454545455,6.34,98.39,88
180,SEO,Beginner,"We need a freelancer to conduct a basic keyword research and optimize 5 pages of our website for search engines, including meta tags and headings.",52.71,51.57075949367088,5.11,97.42,79
181,SEO,Beginner,"Create a simple SEO audit report for our small business website, identifying areas for improvement in terms of page speed, mobile responsiveness, and content quality.",52.71,51.57075949367088,5.11,97.42,79
182,SEO,Beginner,"Assist in setting up Google Search Console and Google Analytics for our startup's website, and provide basic guidance on how to track keyword rankings.",52.71,51.57075949367088,5.11,97.42,79
183,SEO,Beginner,"Develop a beginner's guide to SEO best practices for our company blog, covering topics such as on-page optimization, local SEO, and link building.",52.71,51.57075949367088,5.11,97.42,79
184,SEO,Beginner,Optimize our website's images and internal linking structure to improve user experience and search engine crawlability.,52.71,51.57075949367088,5.11,97.42,79
185,SEO,Beginner,"Research and write 10 high-quality meta descriptions for our e-commerce website's product pages, aiming to increase click-through rates from search engine results.",52.71,51.57075949367088,5.11,97.42,79
186,SEO,Beginner,"Conduct a competitor analysis to identify gaps in our SEO strategy and provide recommendations for improvement, focusing on content marketing and technical SEO.",52.71,51.57075949367088,5.11,97.42,79
187,SEO,Beginner,"Help us create a comprehensive SEO checklist for our website, covering technical, on-page, and off-page optimization tasks.",52.71,51.57075949367088,5.11,97.42,79
188,SEO,Beginner,"Analyze our website's current SEO performance using tools like Ahrefs or SEMrush, and provide a report highlighting areas for improvement and potential opportunities.",52.71,51.57075949367088,5.11,97.42,79
189,SEO,Beginner,"Assist in creating high-quality, SEO-optimized content for our social media channels, including Facebook, Twitter, and LinkedIn, to increase engagement and drive website traffic.",52.71,51.57075949367088,5.11,97.42,79
190,SEO,Expert,We are seeking an expert SEO consultant to conduct a comprehensive technical SEO audit of our e-commerce website and provide actionable recommendations to improve its search engine rankings and drive more organic traffic.,49.49,50.68293333333333,5.02,98.62,75
191,SEO,Expert,Develop and implement a link building strategy for our financial services firm to improve our online authority and increase referrals from relevant and high-quality sources.,49.49,50.68293333333333,5.02,98.62,75
192,SEO,Expert,"Create high-quality, keyword-optimized content for our blog to establish our brand as a thought leader in the industry and attract more organic traffic to our website.",49.49,50.68293333333333,5.02,98.62,75
193,SEO,Expert,"Analyze our website's current SEO performance, identify areas for improvement, and provide data-driven recommendations to increase our search engine rankings and drive more conversions.",49.49,50.68293333333333,5.02,98.62,75
194,SEO,Expert,"Conduct keyword research and optimize the meta tags, titles, and descriptions for our website's key pages to improve its search engine visibility and click-through rates.",49.49,50.68293333333333,5.02,98.62,75
195,SEO,Expert,"Improve our website's local SEO by optimizing our Google My Business listing, creating high-quality citations, and building relationships with local influencers and bloggers.",49.49,50.68293333333333,5.02,98.62,75
196,SEO,Expert,"Develop an SEO strategy for our new product launch, including keyword research, on-page optimization, and link building, to increase its online visibility and drive more sales.",49.49,50.68293333333333,5.02,98.62,75
197,SEO,Expert,"Provide expert SEO guidance and support to our in-house marketing team, including training and workshops, to help them improve their SEO skills and knowledge.",49.49,50.68293333333333,5.02,98.62,75
198,SEO,Expert,"Create and implement an SEO-optimized content marketing plan for our B2B software company, including blog posts, whitepapers, and case studies, to attract more organic traffic and generate leads.",49.49,50.68293333333333,5.02,98.62,75
199,SEO,Expert,"Audit and optimize our website's internal linking structure, XML sitemap, and schema markup to improve its crawlability, indexing, and overall search engine rankings.",49.49,50.68293333333333,5.02,98.62,75
200,SEO,Intermediate,"We need an SEO specialist to optimize our existing e-commerce website for better search engine rankings, focusing on product pages and category descriptions.",58.24,60.20120481927711,5.34,99.56,83
201,SEO,Intermediate,"Create and implement a keyword research strategy for a new blog, including on-page optimizations and meta tags to improve search engine visibility.",58.24,60.20120481927711,5.34,99.56,83
202,SEO,Intermediate,"Conduct a technical SEO audit for a large business website, identifying and fixing issues related to site speed, mobile responsiveness, and crawl errors.",58.24,60.20120481927711,5.34,99.56,83
203,SEO,Intermediate,"Develop a link building plan to increase the authority of a health and wellness website, including guest blogging, resource pages, and broken link building.",58.24,60.20120481927711,5.34,99.56,83
204,SEO,Intermediate,"Optimize the local search presence of a multi-location business, including Google My Business listings, local citations, and reviews management.",58.24,60.20120481927711,5.34,99.56,83
205,SEO,Intermediate,"Improve the search engine rankings of a travel website by optimizing images, videos, and other multimedia content for better user experience and search engine crawling.",58.24,60.20120481927711,5.34,99.56,83
206,SEO,Intermediate,"Analyze and improve the SEO performance of a WordPress website, including plugin optimization, theme customization, and content strategy development.",58.24,60.20120481927711,5.34,99.56,83
207,SEO,Intermediate,"Create high-quality, SEO-optimized content for a finance blog, including articles, infographics, and videos, to attract and engage the target audience.",58.24,60.20120481927711,5.34,99.56,83
208,SEO,Intermediate,"Implement an SEO strategy for a new website launch, including keyword research, on-page optimization, and technical SEO best practices to ensure search engine visibility from the start.",58.24,60.20120481927711,5.34,99.56,83
209,SEO,Intermediate,"Develop and execute a content marketing plan to increase brand awareness and drive organic traffic to a B2B software website, including blog posts, case studies, and whitepapers.",58.24,60.20120481927711,5.34,99.56,83
210,Web Development,Beginner,"Create a simple personal website with a home, about, and contact page using HTML, CSS, and JavaScript, with a basic responsive design.",48.515,49.54382978723404,7.22,99.83,94
211,Web Development,Beginner,"Build a RESTful API using Node.js and Express to manage a small blog with basic CRUD operations, including API documentation.",48.515,49.54382978723404,7.22,99.83,94
212,Web Development,Beginner,"Design and develop a basic e-commerce website using WooCommerce and WordPress, with a custom theme and payment gateway integration.",48.515,49.54382978723404,7.22,99.83,94
213,Web Development,Beginner,"Develop a to-do list app with user authentication using React and Firebase, featuring a simple and intuitive UI.",48.515,49.54382978723404,7.22,99.83,94
214,Web Development,Beginner,"Create a dynamic weather website using JavaScript, HTML, and CSS, with real-time weather updates and a map view.",48.515,49.54382978723404,7.22,99.83,94
215,Web Development,Beginner,"Build a simple admin dashboard using Bootstrap and PHP, with user management and basic analytics features.",48.515,49.54382978723404,7.22,99.83,94
216,Web Development,Beginner,"Design and develop a one-page website for a small business, featuring a responsive design and basic SEO optimization.",48.515,49.54382978723404,7.22,99.83,94
217,Web Development,Beginner,"Create a quiz website with a timer and scoring system using JavaScript, HTML, and CSS, with a basic database to store user scores.",48.515,49.54382978723404,7.22,99.83,94
218,Web Development,Beginner,"Develop a basic portfolio website for a photographer, with a gallery and contact form, using WordPress and a custom theme.",48.515,49.54382978723404,7.22,99.83,94
219,Web Development,Beginner,"Build a simple chatbot using JavaScript and Node.js, with basic natural language processing and a simple UI.",48.515,49.54382978723404,7.22,99.83,94
220,Web Development,Expert,"Develop a scalable and secure RESTful API for a social media platform using Node.js, Express, and MongoDB, with authentication and authorization features.",50.725,51.4072619047619,7.39,98.92,84
221,Web Development,Expert,"Design and implement an e-commerce website for a fashion brand using Shopify, with custom theme development and third-party API integrations.",50.725,51.4072619047619,7.39,98.92,84
222,Web Development,Expert,"Create a real-time analytics dashboard for a SaaS application using React, Redux, and D3.js, with data visualization and filtering capabilities.",50.725,51.4072619047619,7.39,98.92,84
223,Web Development,Expert,"Build a progressive web application for a news outlet using Angular, with offline support, push notifications, and content caching.",50.725,51.4072619047619,7.39,98.92,84
224,Web Development,Expert,"Implement a microservices architecture for an online banking system using Java, Spring Boot, and Docker, with load balancing and service discovery.",50.725,51.4072619047619,7.39,98.92,84
225,Web Development,Expert,"Develop a mobile-friendly website for a travel agency using WordPress, with custom plugin development and integration with a CRM system.",50.725,51.4072619047619,7.39,98.92,84
226,Web Development,Expert,"Create a single-page application for a productivity tool using Vue.js, with real-time collaboration features and integration with Google Drive API.",50.725,51.4072619047619,7.39,98.92,84
227,Web Development,Expert,"Design and develop a custom CRM system for a sales team using Laravel, with lead management, contact tracking, and sales forecasting features.",50.725,51.4072619047619,7.39,98.92,84
228,Web Development,Expert,"Build a cloud-based file sharing platform using Python, Flask, and AWS S3, with user authentication, access controls, and file versioning.",50.725,51.4072619047619,7.39,98.92,84
229,Web Development,Expert,"Develop a gamification platform for an educational institution using Ruby on Rails, with user profiling, badges, and leaderboards.",50.725,51.4072619047619,7.39,98.92,84
230,Web Development,Intermediate,"Develop a RESTful API using Node.js and Express.js to manage user data and integrate it with a React.js frontend, delivering a fully functional API with documentation.",54.14,53.95089743589744,7.07,99.61,78
231,Web Development,Intermediate,"Create an e-commerce website using WooCommerce and WordPress, requiring a custom theme and plugin integration to support online payments and shipping calculations.",54.14,53.95089743589744,7.07,99.61,78
232,Web Development,Intermediate,"Design and implement a responsive admin dashboard using HTML, CSS, and JavaScript, featuring data visualization charts and tables to display key performance indicators for a small business.",54.14,53.95089743589744,7.07,99.61,78
233,Web Development,Intermediate,"Build a single-page application using Angular and TypeScript, connecting to a backend server to fetch and display real-time data, with a focus on optimization for mobile devices.",54.14,53.95089743589744,7.07,99.61,78
234,Web Development,Intermediate,"Migrate an existing website from HTTP to HTTPS, ensuring all resources are properly updated and secured, and configure SSL certificates for a smooth transition.",54.14,53.95089743589744,7.07,99.61,78
235,Web Development,Intermediate,"Develop a custom WordPress plugin to manage events and bookings, including payment gateway integration and customizable email notifications for users and administrators.",54.14,53.95089743589744,7.07,99.61,78
236,Web Development,Intermediate,"Create a web scraper using Python and BeautifulSoup to extract specific data from a website, storing the data in a CSV file and scheduling the scraper to run daily.",54.14,53.95089743589744,7.07,99.61,78
237,Web Development,Intermediate,"Design and develop a progressive web app using React and Redux, featuring offline support and push notifications, to provide a seamless user experience across different devices.",54.14,53.95089743589744,7.07,99.61,78
238,Web Development,Intermediate,"Implement a search engine optimization (SEO) strategy for an existing website, including keyword research, on-page optimization, and technical SEO improvements to improve search engine rankings.",54.14,53.95089743589744,7.07,99.61,78
239,Web Development,Intermediate,"Build a real-time chat application using Socket.io and JavaScript, allowing users to engage in private and group conversations, with support for file sharing and emojis.",54.14,53.95089743589744,7.07,99.61,78
